CREATE DATABASE  IF NOT EXISTS `top500Info` /*!40100 DEFAULT CHARACTER SET latin1 */;
USE `top500Info`;
-- MySQL dump 10.13  Distrib 5.7.17, for macos10.12 (x86_64)
--
-- Host: 127.0.0.1    Database: top500Info
-- ------------------------------------------------------
-- Server version	5.7.18

/*!40101 SET @OLD_CHARACTER_SET_CLIENT=@@CHARACTER_SET_CLIENT */;
/*!40101 SET @OLD_CHARACTER_SET_RESULTS=@@CHARACTER_SET_RESULTS */;
/*!40101 SET @OLD_COLLATION_CONNECTION=@@COLLATION_CONNECTION */;
/*!40101 SET NAMES utf8 */;
/*!40103 SET @OLD_TIME_ZONE=@@TIME_ZONE */;
/*!40103 SET TIME_ZONE='+00:00' */;
/*!40014 SET @OLD_UNIQUE_CHECKS=@@UNIQUE_CHECKS, UNIQUE_CHECKS=0 */;
/*!40014 SET @OLD_FOREIGN_KEY_CHECKS=@@FOREIGN_KEY_CHECKS, FOREIGN_KEY_CHECKS=0 */;
/*!40101 SET @OLD_SQL_MODE=@@SQL_MODE, SQL_MODE='NO_AUTO_VALUE_ON_ZERO' */;
/*!40111 SET @OLD_SQL_NOTES=@@SQL_NOTES, SQL_NOTES=0 */;

--
-- Table structure for table `attraction`
--

DROP TABLE IF EXISTS `attraction`;
/*!40101 SET @saved_cs_client     = @@character_set_client */;
/*!40101 SET character_set_client = utf8 */;
CREATE TABLE `attraction` (
  `attract_id` int(11) NOT NULL AUTO_INCREMENT,
  `name` varchar(100) NOT NULL,
  `description` varchar(200) DEFAULT NULL,
  `category` varchar(45) NOT NULL,
  `origin` enum('Man-made','Natural') NOT NULL,
  `countryN` varchar(30) NOT NULL,
  PRIMARY KEY (`attract_id`),
  KEY `loc_fk` (`countryN`),
  CONSTRAINT `loc_fk` FOREIGN KEY (`countryN`) REFERENCES `country` (`cname`) ON DELETE CASCADE ON UPDATE CASCADE
) ENGINE=InnoDB AUTO_INCREMENT=501 DEFAULT CHARSET=latin1;
/*!40101 SET character_set_client = @saved_cs_client */;

--
-- Dumping data for table `attraction`
--

LOCK TABLES `attraction` WRITE;
/*!40000 ALTER TABLE `attraction` DISABLE KEYS */;
INSERT INTO `attraction` VALUES (1,'Temple of Angkor','Hindu Heaven on Earth','Religion','Man-made','Cambodia'),(2,'Great Barrier Reef','Oz\'s Underwater Wonderland','Wildlife','Natural','Australia'),(3,'Machu Picchu','Incan Enigma','Historical Site','Man-made','Peru'),(4,'Great Wall of China','What a Wall!','Historical Site','Man-made','China'),(5,'Taj Mahal','Magnificent Mughal Masterpiece','Palace/Castle','Man-made','India'),(6,'Grand Canyon National Park','Nature\'s Ultimate showstopper','Geological Feature','Natural','US'),(7,'Colosseum','Bloody Romans','Historical Site','Man-made','Italy'),(8,'Iguazu Falls','Thunderous white-water thrills','Water Feature','Natural','Brazil'),(9,'Alhambra','Spain\'s Moorish Masterpiece','Palace/Castle','Man-made','Spain'),(10,'Aya Sofya','A Fusion of Faiths','Religion','Man-made','Turkey'),(11,'Fez Medina','Labyrinthine Milllenia-old Wall','District/Square','Man-made','Morocco'),(12,'Twelve Apostles','Sea spires','Geological Feature','Natural','Australia'),(13,'Petra','Better than Indiana Jones','Historical Site','Man-made','Jordan'),(14,'Tikal','Walk in Ancient Majesty','Historical Site','Man-made','Guatemala'),(15,'British Museum','London\'s Other Crown Jewels','Museum','Man-made','UK'),(16,'Sagrada Familia','Spain\'s Iconic Modernista Masterpiece','Religion','Man-made','Spain'),(17,'Fiorland National Park','Epic World Heritage wilderness','Nature Landscape','Natural','New Zealand'),(18,'Santorini','Black-eyed Beauty','Modern Attractions','Man-made','Greece'),(19,'Galapagos Islands','Where The Wild Things Are','Wildlife','Natural','Ecuador'),(20,'Museum of Old & New Art','Art at the End of the World','Museum','Man-made','Australia'),(21,'Yosemite National Park','Rockin\' It','Nature Landscape','Natural','US'),(22,'Dubrovnik Old City Walls','Battlement Beauty','Palace/Castle','Man-made','Croatia'),(23,'Salar de Uyuni','Salt of the Earth','Nature Landscape','Natural','Bolivia'),(24,'Bagan','The Jewel in Myanmar\'s Crown','Religion','Man-made','Myanmar'),(25,'Pyramid of Gizas','The Ancient Wonder','Historical Site','Man-made','Egypt'),(26,'Piazza San Marco','Attitude & Ambience','District/Square','Man-made','Italy'),(27,'Victoria Falls','Thundering Waters','Water Feature','Natural','Zimbabwe'),(28,'Acropolis','Greek Classics','Historical Site','Man-made','Greece'),(29,'Chateay de Versailles','France\'s Grandest Chateau','Palace/Castle','Man-made','France'),(30,'Djemaa el-Fna','Where Street Theatre Thrives','District/Square','Man-made','Morocco'),(31,'Hanoi Old Quarter','Multiculutral Melting Pot','District/Square','Man-made','Vietnam'),(32,'Cradle Mountain','Natural Tasmanian Splendour','Geological Feature','Natural','Australia'),(33,'Uluru','Kaleidoscopic Desert Skyscraper','Geological Feature','Natural','Australia'),(34,'Charles Bridge','Bridge Across Time','Historical Site','Man-made','Czech Republic'),(35,'Abel Tasman National Park','Nature\'s Costal Playground','Water Feature','Natural','New Zealand'),(36,'Lake District National Park','England\'s Poetic Wilderness','Nature Landscape','Natural','UK'),(37,'Louvre','Epic Art House','Museum','Man-made','France'),(38,'Torres del Paine','Hiking-lover\'s Paradise','Nature Landscape','Natural','Chile'),(39,'Lake Baikal','Siberia\'s Astonishing Abyss','Water Feature','Natural','Russia'),(40,'Eiffel Tower','The Ultimate French Taste','Modern Attractions','Man-made','France'),(41,'Pompeii','Behold The Earth\'s Ruby','Historical Site','Man-made','Italy'),(42,'Habana Vieja','Crumbling Colonial Splendour','District/Square','Man-made','Cuba'),(43,'Table Mountain','Tabletop Capers','Geological Feature','Natural','South Africa'),(44,'Old Town Square','Prague\'s Clockwork Heart','District/Square','Man-made','Czech Republic'),(45,'Serengeti National Park','The Wildlife Show','Wildlife','Natural','Tanzania'),(46,'Hermitage','Russia\'s Treasure Box','Museum','Man-made','Russia'),(47,'Bay of Kotor','Seaside Mountain Majesty','Water Feature','Man-made','Montenegro'),(48,'Jaisamlmer','Leave other Desert Forts in the Shade','Palace/Castle','Man-made','India'),(49,'Ngorongoro Crater','Dizzying Wildlife Concretrations','Wildlife','Natural','Tanzania'),(50,'Hiroshima Peace Memorial Park','A Moving Testament to World Peace','Historical Site','Man-made','Japan'),(51,'Pantheon','What a Roman Relic!','Historical Site','Man-made','Italy'),(52,'Tate Modern','Modern Art Monolith','Museum','Man-made','UK'),(53,'Naqsh e-Jahan','Persian Perfection','Religion','Man-made','Iran'),(54,'Tiger Leaping Gorge','Trails Craved through Time','Geological Feature','Natural','China'),(55,'Notre-Dame','Holy Heart of Paris','Religion','Man-made','France'),(56,'Kakadu National Park','Tropical Timewarp','Nature Landscape','Natural','Australia'),(57,'Sydney Opera House','Singing Sails','Modern Attractions','Man-made','Australia'),(58,'Edinburgh Castle','Tall Dark and Handsome Castle','Palace/Castle','Man-made','UK'),(59,'Anne Frank Huis','Haunting History','Historical Site','Man-made','Netherlands'),(60,'Jokulsarlon','Luminous Iceberg Lagoon','Water Feature','Natural','Iceland'),(61,'Yellowstone National Park','One Stemaing Great Wilderness','Geological Feature','Natural','US'),(62,'Stonehenge','Prehistoric Puzzle','Historical Site','Man-made','UK'),(63,'Berlin Wall','The Fallen Cold-War Barrier','Historical Site','Man-made','Germany'),(64,'Isle of Skye','Magical Island','Nature Landscape','Natural','UK'),(65,'Halong Bay','Karst Wonder World','Geological Feature','Natural','Vietnam'),(66,'Duomo Santa Maria di Fiore','Renaissance revisited','Religion','Man-made','Italy'),(67,'Koh Tao','Diver\'s Paradise','Adventure/Activity','Natural','Thailand'),(68,'Cappadocia','Cave Dwelling on the Moon','Geological Feature','Natural','Turkey'),(69,'Palenque','Pyramid Perfection','Historical Site','Man-made','Mexico'),(70,'Ilulissat Kangerlua','Bus-Sized \'Berg Floating on a Bay','Water Feature','Natural','Greenland'),(71,'Mt Sinai','Moses\' Spectacular Mount','Religion','Natural','Egypt'),(72,'Pao de Acucar','On Top of the World','Geological Feature','Natural','Brazil'),(73,'Mezquita','Worlds Collide in Cordoba','Religion','Man-made','Spain'),(74,'Lalibela','Africa\'s Subterranean City','Religion','Man-made','Ethiopia'),(75,'Lake Bled','Picture-perfect Lakeside Setting','Water Feature','Natural','Slovenia'),(76,'Arashiyama\'s Bamboo Grove','Magical Nature','Nature Landscape','Natural','Japan'),(77,'Redwood National Park','Natural Californian Cathedrals','Nature Landscape','Natural','US'),(78,'Chichen Itza','A New Wonder of the World','Historical Site','Man-made','Mexico'),(79,'Masai Mara National Reserve','Killer African Wildlife','Wildlife','Natural','Kenya'),(80,'Metropolitan Museum of Art','State of the Art','Museum','Man-made','US'),(81,'Franz Josef & Fox Glacier','Ice Dreams','Water Feature','Natural','New Zealand'),(82,'Valley of the Kings','Tomb Raider\'s Treasures','Historical Site','Man-made','Egypt'),(83,'Hoi An Old Town','Old-world Charm','District/Square','Man-made','Vietnam'),(84,'Monument Valley','Sandstone Fantasyland','Geological Feature','Natural','US'),(85,'St Peter\'s Basilica','Opulent Papal Monument','Religion','Man-made','Italy'),(86,'Dome of the Rock','Prescious Symiol of Faith','Religion','Man-made','Israel'),(87,'Red Square','Russia\'s Heart & Histroical Soul','District/Square','Man-made','Russia'),(88,'Forbidden City','Legendary Dynastic Intrigue','Palace/Castle','Man-made','China'),(89,'The Uffizi','Renaissance revisited','Museum','Man-made','Italy'),(90,'Everest Base Camp','The Top of the World','Geological Feature','Natural','Nepal'),(91,'Shwedagon Paya','All that glitters...','Religion','Man-made','Myanmar'),(92,'The Pyramid of Teotihuacan','Ancient Civilisation with Mystical Energies','Religion','Man-made','Mexico'),(93,'Blue Lagoon','Geothermal Disneyland','Water Feature','Natural','Iceland'),(94,'Lake Wanka','Gateway to Greatness','Water Feature','Natural','New Zealand'),(95,'Abu Simbel','Ancient Colossals Modern Marvel','Historical Site','Man-made','Egypt'),(96,'Cimetiere Du Pere Lachaise','Paris\'s Great Beyond','Religion','Man-made','France'),(97,'Big Sur','Wilderness Unplugged','Water Feature','Natural','US'),(98,'Matterhorn','The Alps\' Dark Brooding Beauty','Geological Feature','Natural','Switzerland'),(99,'Galma Stan','Stockholm\'s Time Capsule','District/Square','Man-made','Sweden'),(100,'Okavanga Delta','Wonderful Water World','Wildlife','Natural','Botswana'),(101,'Golden Gate Bridge','An Icon on the Way','Modern Attractions','Man-made','US'),(102,'Dashashwamedh Ghat','Holiest of Holy Sites','Religion','Man-made','India'),(103,'Gaint\'s Causeway','Rock Solid','Geological Feature','Natural','Ireland'),(104,'Auschwitz-Birkenau','Haunting Holocaust Memorial','Historical Site','Man-made','Poland'),(105,'Parque Nacional Corcovado','Bastion of Biodiversity','Wildlife','Natural','Costa Rica'),(106,'Niagra Falls','A Thunderous Force of Nature','Water Feature','Natural','Canada'),(107,'Potala Palace','Palatial, Poignant, Profound','Religion','Man-made','China'),(108,'Bora Bora','Dreamlike Lagoon Paradise','Water Feature','Natural','French Polynesia'),(109,'Empire State Building','Tall Storeys','Modern Attractions','Man-made','US'),(110,'Budapest\'s Thermal Bath','Cleanliness is Next to...','Adventure/Activity','Man-made','Hungary'),(111,'Topkapi Palace','Ostentatious Ottomon Palace','Palace/Castle','Man-made','Turkey'),(112,'Tallinn Old Town','Medieval Jewel of Estonia','District/Square','Man-made','Estonia'),(113,'Stari Most','A Bridge for Peace','Modern Attractions','Man-made','Bosnia'),(114,'Ayuthaya','Crumbling Chedi Complex','Historical Site','Man-made','Thailand'),(115,'Vatican Museum','Famous Frescoed Chapel','Museum','Man-made','Italy'),(116,'Anakena Beach','Sunbathing with Statues','Water Feature','Natural','Chile'),(117,'The Peak','Keeping a Cool Head','Geological Feature','Natural','China'),(118,'St Paul\'s Cathedral','Christopher Wren\'s Thames-side Marvel','Religion','Man-made','UK'),(119,'Meteora','Saintly Stony Pillars','Geological Feature','Natural','Greece'),(120,'Confucius Temple','Lavish Alter to the Great Teacher','Religion','Man-made','China'),(121,'Copper Canyon','River Deep Mountain High','Geological Feature','Natural','Mexico'),(122,'Aiguille du Midi','360-degree Alps View','Geological Feature','Natural','France'),(123,'Cerro Fitz Roy','Patagonia\'s Peak of Fire','Geological Feature','Natural','Argentina'),(124,'Bryggen','Echanting Historic Wharf Community','District/Square','Man-made','Norway'),(125,'Steward Island','Home of the Kiwi','Nature Landscape','Natural','New Zealand'),(126,'Durbar Square','Beautiful Time Warped Museum','District/Square','Man-made','Nepal'),(127,'Bazaruto Archipelago','Aquatic Beach Bonaza','Water Feature','Natural','Mozambique'),(128,'Plitvice Lakes National Park','Striking Turquoise Water World','Water Feature','Natural','Croatia'),(129,'Prinsengracht Canal','Princely Waterway Pulsing with Life','Water Feature','Man-made','Netherlands'),(130,'Bay of Islands','The Life Aquatic','Water Feature','Natural','New Zealand'),(131,'Pantanal','Wondrous Wildlife-rich Wetlands','Wildlife','Natural','Brazil'),(132,'Daibutsu of Nara','Impressive Bronze Bearer of Enlightenment','Religion','Man-made','Japan'),(133,'National Museum of Anthropology','Mexico\'s Most Visited Museum','Museum','Man-made','Mexico'),(134,'Skara Brae','Prehistoric Village Frozen in Time','Historical Site','Man-made','UK'),(135,'Geirangerfjord','Ultimate Fjord-Meandering Ferry Ride','Nature Landscape','Natural','Norway'),(136,'Tayrona National Park','Caribbean Camping','Water Feature','Natural','Colombia'),(137,'Choquequirao','The Untrammelled Inca Trail','Historical Site','Man-made','Peru'),(138,'Ephesus','A Greco-Roman Wonder in Turkey','Historical Site','Man-made','Turkey'),(139,'Kruger National Park','Unique Wildlife Exprience','Wildlife','Natural','South Africa'),(140,'Tulum','Maya Beauty Queen','Historical Site','Man-made','Mexico'),(141,'Tsukiji Market','Behind-the-scenes Toyko','District/Square','Man-made','Japan'),(142,'Sintra','Stupendously Silly Castle Craziness','Palace/Castle','Man-made','Portugal'),(143,'Carcasonne Castle','Fairy-tale French Castle','Palace/Castle','Man-made','France'),(144,'Statue of Liberty & Ellis Island','Welcome to America','Modern Attractions','Man-made','US'),(145,'Vatnajokull National Park','Fire & Ice Megapark','Nature Landscape','Man-made','Iceland'),(146,'Blue Mosque','Istanbul\'s Show Stopper','Religion','Man-made','Turkey'),(147,'Gion District','Memories of a Geisha','District/Square','Man-made','Japan'),(148,'Grand Buddha','Is that a Buddha?','Religion','Man-made','China'),(149,'Actun Tunichil Muknal','Sacred Cave','Geological Feature','Natural','Belize'),(150,'Haida Gwaii','Lost World of Haida Culture','Nature Landscape','Natural','Canada'),(151,'Bairro of Ribeira','A Magical Medeval Waterfront','District/Square','Man-made','Portugal'),(152,'Koya-san','A Religous Exprience','Religion','Man-made','Japan'),(153,'Mt Etna','Smoking Sicily','Geological Feature','Natural','Italy'),(154,'Eiger','Infamous Alpine Orge','Geological Feature','Natural','Switzerland'),(155,'Walt Disney World','The World\'s Happy Place','Adventure/Activity','Man-made','US'),(156,'Chernobyl','Tour the Apocalypse','Adventure/Activity','Man-made','Ukraine'),(157,'Shibuya Crossing','An Elegant Scramble','District/Square','Man-made','Japan'),(158,'Valle de Vinales','Cuba\'s Hidden Valley','Nature Landscape','Natural','Cuba'),(159,'Schloss Neuschwanstien','Bavaria\'s Fairy-tale Made Flesh','Palace/Castle','Man-made','Germany'),(160,'Terracotta Warriors','Slient Ceramic Sentinels','Historical Site','Man-made','China'),(161,'Shackleton\'s Hut','Be a Polar Explorer','Historical Site','Man-made','Antarctica'),(162,'Icehotel','A Magical Sub-zero Sleepover','Adventure/Activity','Man-made','Sweden'),(163,'Moraine Lake','More than a 20 dollar View','Water Feature','Natural','Canada'),(164,'Roman Baths','Awash with Beauty','Historical Site','Man-made','UK'),(165,'Chobe National Park','Kingdom of Elephants','Wildlife','Natural','Botswana'),(166,'Inle Lake','Burma\'s Living Lake','Water Feature','Natural','Myanmar'),(167,'Mt Kinabalu','Malaysia\'s Magnificent Mountain','Geological Feature','Natural','Malaysia'),(168,'Phong Nha-Ke Bang National Park','Jungles War-Relics & World\'s Biggest Cave','Geological Feature','Natural','Vietnam'),(169,'Royal Mile','Edinburgh\'s Storied Spine','District/Square','Man-made','UK'),(170,'National Mall','America\'s Front Yard','Adventure/Activity','Man-made','US'),(171,'Cristo Redentor','The Lord on High','Modern Attractions','Man-made','Brazil'),(172,'Prague Castle','Look in on King Wencelas','Palace/Castle','Man-made','Czech Republic'),(173,'Ghana Slave Forts','Sobering Slave-trade History','Palace/Castle','Man-made','Ghana'),(174,'Brussel\'s Grand Place','Gothic Guildhall Grandeur','Palace/Castle','Man-made','Belgium'),(175,'Kinkaku-ji','The Golden Jewel of Japan','Religion','Man-made','Japan'),(176,'Gullfoss','Thunderous Falls','Water Feature','Natural','Iceland'),(177,'Rocky Mountain National Park','Get Rocky Mountain Higher','Geological Feature','Natural','US'),(178,'Egyptian Museum','Egyptology\'s Treasure Trove','Museum','Man-made','Egypt'),(179,'Gorge de Verdon','Europe\'s Grand Canyon','Geological Feature','Natural','France'),(180,'Amber Fort','Rajasthan in a Fortress','Palace/Castle','Man-made','India'),(181,'Snowdonia','Wale\'s Legendary Mountains','Geological Feature','Natural','UK'),(182,'Valcanoes National Park','Gorillas in the Mist','Wildlife','Natural','Rwanda'),(183,'Xochimilco','Venice Mexican Style','Water Feature','Man-made','Mexico'),(184,'Glencoe','Monarch of the Glens','Nature Landscape','Natural','UK'),(185,'Mont Blanc','Dancing with La Dame Blanche','Geological Feature','Natural','France'),(186,'Karnak','A Sacred Site on Steroids','Historical Site','Man-made','Egypt'),(187,'Gardens by the Bay','The Botanic Garden of the Future','Modern Attractions','Man-made','Singapore'),(188,'iSimangaliso Wetland Park','Africa\'s Waterlogged Wonderland','Wildlife','Natural','South Africa'),(189,'York Minister','Fairy Tale of Old York','Religion','Man-made','UK'),(190,'Van Gogh Museum','Trace the Totured Artist\'s Life','Museum','Man-made','Netherlands'),(191,'Sigiriya Rock','Sri Lanka\'s Rock Star','Geological Feature','Natural','Sri Lanka'),(192,'Meenakshi Amman Temple','Meet 10000 gods','Religion','Man-made','India'),(193,'Tbilisi Old Town','The Heart of Eurasia','District/Square','Man-made','Georgia'),(194,'Changdeokgung Palace','Seoul\'s Most Regal Residence','Palace/Castle','Man-made','South Korea'),(195,'Korea\'s DMZ','The Most Dangerous Place on Earth?','Adventure/Activity','Man-made','North Korea'),(196,'Bodhnath Stupa','Where Life in Kathmandu Revolves','Religion','Man-made','Nepal'),(197,'Rynek Glowny','Trumpeter of Krakow','District/Square','Man-made','Poland'),(198,'Mogao Caves','Rugged Romance of the Silk Road','Religion','Man-made','China'),(199,'Vat Phou','Lao\'s Answer to Angkor','Religion','Man-made','Laos'),(200,'Island of Goree','Memory Island','Historical Site','Man-made','Senegal'),(201,'Mont St-Michel','An Ancient Pilgrimage','Religion','Man-made','France'),(202,'Blue Mountains National Park','Hazy Aussie Mountains','Geological Feature','Natural','Australia'),(203,'Mozambique Island','Vigrant Ghost Town','Water Feature','Natural','Mozambique'),(204,'Erg Chebbi Dunes','The Sahara\'s Stunning Crest','Nature Landscape','Natural','Morocco'),(205,'Historic Centre of San Gimignano','Italy\'s First Skyscrapers','Modern Attractions','Man-made','Italy'),(206,'Vasamuseet','Swedish Glory Sunk and Salvaged','Historical Site','Man-made','Sweden'),(207,'Portmeirion','Enter the Potty World of the Prisoner','District/Square','Man-made','UK'),(208,'Times Square','See New York\'s Bright Lights','District/Square','Man-made','US'),(209,'Bacuit Archipelago','Pick a Paradise Island...','Water Feature','Natural','Philippines'),(210,'Robben Island','Walk in Mandela\'s Footsteps','Historical Site','Man-made','South Africa'),(211,'Borgarfjordur Eystri & Seydisfjordur','Fjordtastic','Nature Landscape','Natural','Iceland'),(212,'Sossusvlei','Mountains of Sculptured Sand','Nature Landscape','Natural','Namibia'),(213,'Wieliczka Salt Mine','Vault of Salt','Historical Site','Man-made','Poland'),(214,'Parque Nacional Nahuel Huapi','Pretty Alpine Crowd-Pleaser','Nature Landscape','Natural','Argentina'),(215,'Jellyfish Lake','Marine Miracle','Wildlife','Natural','Palau'),(216,'Vigelandsparken','Sculpture in the Buff','Museum','Man-made','Norway'),(217,'Summer Palace','Imperial China\'s Summer Retreat','Palace/Castle','Man-made','China'),(218,'Old Quebec City','The New World\'s Eldery Exception','District/Square','Man-made','Canada'),(219,'Canterburt Cathedral','Church of England\'s Historic Home','Religion','Man-made','UK'),(220,'Carthage','Africa\'s Ancient Punic Capital','Historical Site','Man-made','Tunisia'),(221,'Reichstag','Teutonic Shapeshifter','Historical Site','Man-made','Germany'),(222,'Virupaksha Temple','Ancient Sacred Skyscraper','Religion','Man-made','India'),(223,'Malecon','Havana\'s Iconic Seaside Strip','District/Square','Man-made','Cuba'),(224,'Bru na Boinne','Mystical Prehistoric Tombs','Historical Site','Man-made','Ireland'),(225,'Museo del Prado','Madrid\'s Home of Masterpieces','Museum','Man-made','Spain'),(226,'Lago de Atitlan','The Heart of Guatemalan Highlands','Water Feature','Natural','Guatemala'),(227,'Gunung Leuser National Park','Orang-utan Fantasy Jungle','Wildlife','Natural','Indonesia'),(228,'Alcatraz','Legendary Gangster Prison','Historical Site','Man-made','US'),(229,'Piazza Del Campo','Medieval Stage for a Wild Race','District/Square','Man-made','Italy'),(230,'Postojna Cave & Predjama Castle','Cave & Castle Combo','Palace/Castle','Man-made','Slovenia'),(231,'Rila Monastery','Heavenly Highland Haven','Religion','Man-made','Bulgaria'),(232,'Bund','Historic City Promenade','Historical Site','Man-made','China'),(233,'Rijksmuseum','Netherland\'s Treasure Chest','Museum','Man-made','Netherlands'),(234,'Pont du Gard','Pastoral Roman Engineering Marvel','Historical Site','Man-made','France'),(235,'Real Alcazar','Andalusian Architectual Perfection','Palace/Castle','Man-made','Spain'),(236,'Singapore Zoo','Where Wild Things Roam','Wildlife','Man-made','Singapore'),(237,'Wadi Rum','Jordan\'s Majestic Desert-scape','Nature Landscape','Natural','Jordan'),(238,'Luxor Temple','Abode of Ancient Gods','Religion','Man-made','Egypt'),(239,'Natural History Museum','Wondrous Wildlife-rich Wetlands','Museum','Man-made','UK'),(240,'Old Dehli','Chaotic Jumble of Life','District/Square','Man-made','India'),(241,'Cinque Terre','Cliffside Villages Steeped in History','Modern Attractions','Man-made','Italy'),(242,'Borobudur','Buddha\'s Mega Monument','Religion','Man-made','Indonesia'),(243,'Bosque Nuboso Monteverde','Cloud Cuckoo Land','Nature Landscape','Natural','Costa Rica'),(244,'Parque Nacional Manuel Antonio','Perfectly Formed Park','Wildlife','Natural','Costa Rica'),(245,'Milan\'s Duomo','Milan\'s Creativity & Ambition','Religion','Man-made','Italy'),(246,'Burj Khalifa','Potent Symbol of Power','Modern Attractions','Man-made','United Arab Emirates'),(247,'Djenne Mosque','Fairy-tale Mud Mosque','Religion','Man-made','Mali'),(248,'Naoshima','Art Island Escape','Modern Attractions','Man-made','Japan'),(249,'Tajik National Park','Roof of the World','Nature Landscape','Natural','Tajikistan'),(250,'Silfra','Take the Plunge where Continents Divide','Adventure/Activity','Natural','Iceland'),(251,'Bwindi Impenetrable National Park','Ape Attraction','Wildlife','Natural','Uganda'),(252,'La Citadelle la Ferriere','Deserted Hilltop Fortress','Palace/Castle','Man-made','Haiti'),(253,'Gallipoli Cemeteries','Moving Memorials of War','Historical Site','Man-made','Turkey'),(254,'Davit Gareja','Monastery at the Edge of the Earth','Religion','Man-made','Georgia'),(255,'Rhodes Old Town','Eclectic Fortied Port','District/Square','Man-made','Greece'),(256,'Church of the Holy Sepulchre','Holy Heavywieght','Religion','Man-made','Israel'),(257,'Registan','Exqusite Silk Road Plaza','Historical Site','Man-made','Uzbekistan'),(258,'Itsukushima-Jinga gate','Towering Sacred Gateway','Historical Site','Man-made','Japan'),(259,'Lincoln Memorial','US\'s Most Popular Monument','Historical Site','Man-made','US'),(260,'Chateau de Chenonceau','Legendary Party Castle','Palace/Castle','Man-made','France'),(261,'South Luangwa National Park','Best-kept Safari Secret','Wildlife','Natural','Zambia'),(262,'Valle de la Luna','Parched Desert Lunarscape','Geological Feature','Natural','Chile'),(263,'National September 11 Museum & Memorial','Poigant Ground Zero Tribute','Historical Site','Man-made','US'),(264,'Glaciar Perito Moreno','Glacial Theatrics','Water Feature','Natural','Argentina'),(265,'Ningaloo Marine Park','The Life Aquatic','Wildlife','Natural','Australia'),(266,'Longji Rice Terraces','Spectacular Dragon\'s Backbone','Nature Landscape','Man-made','China'),(267,'Mt McKinley','Alaska\'s Take on Everest','Geological Feature','Natural','US'),(268,'Athabasca Glacier','Icy Adventures','Water Feature','Natural','Canada'),(269,'Timgad ruins','Symbol of Rome in Africa','Historical Site','Man-made','Algeria'),(270,'Selous Game Reserve','Wilf Heart of Africa','Wildlife','Natural','Tanzania'),(271,'Volcan Arenal','Volcano Views','Geological Feature','Natural','Costa Rica'),(272,'Asa Wright Nature Centre','Caribbean Bird Santuary','Wildlife','Natural','Trinidad & Tobago'),(273,'Parque Nacional de los Picos de Europa','Heaven for Hikers','Geological Feature','Natural','Spain'),(274,'Angel Falls','Inaccessible Waterfall Wonder','Water Feature','Natural','Venezuela'),(275,'Yakushima','Cedar-capture Hiker\'s Paradise','Nature Landscape','Natural','Japan'),(276,'Whakarewarewa','Steamed-up Spectacles','Historical Site','Man-made','New Zealand'),(277,'Memento Park','Cemetry of Socialism','Historical Site','Man-made','Hungary'),(278,'Death Valley National Park','Land of Extremes','Nature Landscape','Natural','US'),(279,'Ko Phi-Phi','The Pearls of the Andaman','Water Feature','Natural','Thailand'),(280,'Waitomo Caves','A Galaxy of Glowworms','Wildlife','Natural','New Zealand'),(281,'Eden Project','The Planet\'s Plant Life All Wrapped Up','Museum','Man-made','UK'),(282,'Kizhi Project','Remote Russia\'s Wooden Wonder','Religion','Man-made','Russia'),(283,'Mt Kailash','The World\'s Most Sacred Mountain','Geological Feature','Natural','China'),(284,'Rainbow Reef','Psychedelic Coral Forest','Adventure/Activity','Natural','Fiji'),(285,'Te Papa Tongarewa','Museum for All Ages','Museum','Man-made','New Zealand'),(286,'Ross Ice Shelf','End-of-the-World Ice Wall','Water Feature','Natural','Antarctica'),(287,'Ras al-Jinz','Important Turtle-nesting Site','Wildlife','Natural','Oman'),(288,'Anse Vata','Fantasy City Beach','Water Feature','Natural','New Caledonia'),(289,'Kilwa Kisiwani','Swahili Port Ruins','Historical Site','Man-made','Tanzania'),(290,'Socotra Island','Galapagos without the Crowd','Wildlife','Natural','Yemen'),(291,'Old Dhaka','Bangladesh\'s Throbing Heart','District/Square','Man-made','Bangladesh'),(292,'Underwater Sculpture Park','Eerie Artical Reef Art','Museum','Man-made','Grenada'),(293,'Pulau Sipadan','Borneo\'s Diving Paradise','Wildlife','Natural','Malaysia'),(294,'St Davids Cathedral','Medieval Miracle','Religion','Man-made','UK'),(295,'Dead Sea','The No-Sinking Sea','Water Feature','Natural','Jordan'),(296,'Kilimanjaro','Savannah to Summit','Geological Feature','Natural','Tanzania'),(297,'Cologne Cathedral','Gothic Kingdom','Religion','Man-made','Germany'),(298,'Drakenburg Amphitheatre','Land of Cliffs & Canyons','Geological Feature','Natural','South Africa'),(299,'Parque Nacional Cotopaxi','Ventiginous Volcanic Vistas','Nature Landscape','Natural','Ecuador'),(300,'Chatuchak Weekend Market','Thai Temple of Consumerism','District/Square','Man-made','Thailand'),(301,'Parque Nacional Tortuguero','Tutle Islands','Wildlife','Natural','Costa Rica'),(302,'Parc National d\'Andringitra','Unspoilt Seclusion','Nature Landscape','Natural','Madagascar'),(303,'Capri','Where the Glamorous go to Play','Water Feature','Natural','Italy'),(304,'Bamburgh Castle','Camelot by the Sea','Palace/Castle','Man-made','UK'),(305,'Lake Geneva','Wine-infused Lakeside Life','Water Feature','Natural','Switzerland'),(306,'Cu Chi Tunnels','The Warren of War','Historical Site','Man-made','Vietnam'),(307,'Art Institute of Chicago','Star Power Paintings','Museum','Man-made','US'),(308,'Gros Piton','Iconic Caribbean Climn','Geological Feature','Natural','St. Lucia'),(309,'Louisiana Museum of Modern Art','Sleek Danish Delight','Museum','Man-made','Denmark'),(310,'Lower Zambezi National Park','Safaris Shaken & Stirred','Wildlife','Natural','Zambia'),(311,'Temppeliaukio Kirkko','Modern Piece of Heaven','Religion','Man-made','Finland'),(312,'Petronas Tower','World\'s Tallest Twins','Modern Attractions','Man-made','Malaysia'),(313,'Calakmul','The Lost City of the Yacutan','Historical Site','Man-made','Mexico'),(314,'Murchison Falls','Mighty Power of the Nile','Water Feature','Natural','Uganda'),(315,'Caernarfon Castle','Mythology-inspired Brute Castle','Palace/Castle','Man-made','UK'),(316,'Ben Nevis','The Big Yin','Geological Feature','Natural','UK'),(317,'Chitwan National Park','Tiger Territory','Wildlife','Natural','Nepal'),(318,'Museo Guggenheim','Breathtaking Temple of Modern Art','Museum','Man-made','Spain'),(319,'Pulpit Rock','Finest View on Earth','Geological Feature','Natural','Norway'),(320,'Bay of Fundy','Dramatic Tidal Shape-shifter','Water Feature','Natural','Canada'),(321,'Reed Islands','Floating Islands','Water Feature','Man-made','Peru'),(322,'Sheikh Zayed Grand Mosque','House of the Holy','Religion','Man-made','United Arab Emirates'),(323,'Cape Cod National Seashore','Dunes Whales & Oysters','Water Feature','Natural','US'),(324,'Isla de Ometepe','Lake Nicaragua\'s Volcano-capped Jewel','Water Feature','Natural','Nicaragua'),(325,'Wat Pho','Buddhist Temple Nirvana','Religion','Man-made','Thailand'),(326,'Golden Temple','Punjab\'s Spiritual Home','Religion','Man-made','India'),(327,'Central Kalahari Game Reserve','Soulful Kalahari Heartland','Wildlife','Natural','Botswana'),(328,'Beit She\'an','Snapshot of Pronvincial Rome','Historical Site','Man-made','Israel'),(329,'Majorelle Garden','Rainbow-hued Bontanical Garden','Museum','Man-made','Morocco'),(330,'Bioluminescent Bays','Luminous Marine Phenomeon','Water Feature','Natural','Puerto Rico'),(331,'Tian Tan Buddha','Hilltop Bronze Giant','Religion','Man-made','China'),(332,'Makhtesh Ramon','Israel\'s Grand Canyon','Geological Feature','Natural','Israel'),(333,'Grotte De Lascaux','Vast Prehistroic Gallery','Historical Site','Man-made','France'),(334,'Jokhang Temple','Atmospheric Spirtual Heart','Religion','Man-made','China'),(335,'Kigali Memorial Centre','Remembering Rwanda\'s Darkest Hour','Historical Site','Man-made','Rwanda'),(336,'Lisbon\'s Alfama','Heart of a City','District/Square','Man-made','Portugal'),(337,'Museo del Oro','Unearthing Buried Treasure','Museum','Man-made','Colombia'),(338,'Museumsquartier','Vienna\'s Art Nexus','District/Square','Man-made','Austria'),(339,'798 Art District','Industrial Art','District/Square','Man-made','China'),(340,'D-Day Beaches','The Unforgotten Sands','Historical Site','Natural','France'),(341,'Bialowieza Forest','Primeval Bison Forest','Wildlife','Natural','Poland'),(342,'N Seoul Tower','Beloved Landmark Tower','Modern Attractions','Man-made','South Korea'),(343,'Lake Manasarovar','Holiest of Holy Lakes','Water Feature','Natural','China'),(344,'Grossglockner Road','Ultimate Road Trip','Adventure/Activity','Natural','Austria'),(345,'Pelourinho','Historic Nexus with Rhythm','District/Square','Man-made','Brazil'),(346,'Glacier Skywalk','Floating in the Rockies','Adventure/Activity','Man-made','Canada'),(347,'Casino Monte Carlo','Glitzy Glam Hedonism','Adventure/Activity','Man-made','Monaco'),(348,'Lahore Fort','Atmospheric Mughal Complex','Palace/Castle','Man-made','Pakistan'),(349,'Ishak Pasa Palace','Storybook Turkish Palace','Palace/Castle','Man-made','Turkey'),(350,'Mo\'orea','Postcard-perfect Tropical Isle','Water Feature','Natural','French Polynesia'),(351,'Snaefellsnes','Eerie Volcanic Majesty','Nature Landscape','Natural','Iceland'),(352,'Himeji Castle','Samurai Stronghold','Palace/Castle','Man-made','Japan'),(353,'Sedlec Ossuary','Monastic Gothic Horror','Religion','Man-made','Czech Republic'),(354,'Ait Benhaddou','Moroccan Mud Fortress','Palace/Castle','Man-made','Morocco'),(355,'Fatehpur Sikri','Heavenly Saint\'s City','Historical Site','Man-made','India'),(356,'Blyde River Canyon','Water Soaked Gaint Gorge','Geological Feature','Natural','South Africa'),(357,'Ancient Persepolis','Persia Finest\'s Moment','Historical Site','Man-made','Iran'),(358,'Ao Phang-Nga','A View to Kill','Water Feature','Natural','Thailand'),(359,'Geysir','The Great Geyser','Water Feature','Natural','Iceland'),(360,'Lake Malawi','African Queen','Water Feature','Natural','Malawi'),(361,'Teatre-Museu Dali','Wonderful World of Dali','Museum','Man-made','Spain'),(362,'Karlstejn Castle','Hilltop Medievel Fort','Palace/Castle','Man-made','Czech Republic'),(363,'Danube Delta','Biodiverse Waterworld','Wildlife','Natural','Romania'),(364,'Blue Ridge Parkway','Parkway to Heaven','Adventure/Activity','Man-made','US'),(365,'Brecon Beacons','Mountains Market Towns & Monuments','Geological Feature','Natural','UK'),(366,'Kalemegdan','Belgrade\'s Bloody Bastion','Palace/Castle','Man-made','Serbia'),(367,'Punakha Dzong','Ding Dong What a Dzong','Palace/Castle','Man-made','Bhutan'),(368,'Glover\'s Reef','Gilligan\'s Archipelago','Wildlife','Natural','Belize'),(369,'Meeting of the Waters','Colourful Confluence','Water Feature','Natural','Brazil'),(370,'Baalbek','City of the Sun','Historical Site','Man-made','Lebanon'),(371,'Museu Picasso','Picasso in Barcelona','Museum','Man-made','Spain'),(372,'Mosteiro dos Jeronimos','Organis Architectual Fantasy','Religion','Man-made','Portugal'),(373,'Tintern Abbey','Artistic Insipiration on the Wye','Religion','Man-made','UK'),(374,'Tosho-gu Shrine','Elaborate Shinto Shrine','Religion','Man-made','Japan'),(375,'Pamukkale','Cotton Castle Mountain','Water Feature','Natural','Turkey'),(376,'Diocletian\'s Palace','Living History on the Adriatic','Palace/Castle','Man-made','Croatia'),(377,'Ruta de las Flores','An Achingly Scenic Highland Drive','Adventure/Activity','Natural','El Salvador'),(378,'Cliffs of Moher','Old World\'s End','Geological Feature','Natural','Ireland'),(379,'Isla del Sol','Cradle of the Sun','Historical Site','Man-made','Bolivia'),(380,'Jesuit Missions of Trinidad and Jesus','Moving Memories of Mission Improbable','Religion','Man-made','Paraguay'),(381,'Parque Nacional dos Lencois Maranhenses','Otherworldly Land of Dunes & Langoons','Water Feature','Natural','Brazil'),(382,'Polonnaruwa','Remnants of a Royal Kingdom','District/Square','Man-made','Sri Lanka'),(383,'Santiago de Compostela Cathedral','The Flamboyant Climax to the Camino','Religion','Man-made','Spain'),(384,'Komodo National Park','Where Dragons Still Roam','Wildlife','Natural','Indonesia'),(385,'Kelvingrove Art Gallery & Museum','Cathedreal of Scottish Culture','Museum','Man-made','UK'),(386,'Copan','Honduras\' Mayan Gem','Historical Site','Man-made','Honduras'),(387,'Hill of Crosses','Eerie Devotional Site','Religion','Man-made','Lithuania'),(388,'Wolf\'s Lair','Hitler\'s Hideout','Historical Site','Man-made','Poland'),(389,'Cartagena Old Town','Caribbean Colourfest','District/Square','Man-made','Colombia'),(390,'Tsarskoe Selo','The Empress\' Playground','Palace/Castle','Man-made','Russia'),(391,'Mt Rushmore','Four Story Fellows','Geological Feature','Man-made','US'),(392,'Butrint','Window into the Ancient World','Historical Site','Man-made','Albania'),(393,'Burgess Shale','Dinosaur Lover\'s Delight','Historical Site','Natural','Canada'),(394,'Loch Lomond','Celtic Cracker','Water Feature','Natural','UK'),(395,'Blue Hole','Depth-Defying Adventure Awaits','Adventure/Activity','Natural','Belize'),(396,'Thiksey Monastery','Monastic Kingdom','Religion','Man-made','India'),(397,'National Palace Museum','The Dragon\'s (Art) Hoard','Museum','Man-made','Taiwan'),(398,'Hadrian\'s Wall','Wonderwall','Historical Site','Man-made','UK'),(399,'Galle Fort','Captivating Colonial-era Sea Fort','Palace/Castle','Man-made','Sri Lanka'),(400,'Great Zimbabwe','Medieval Marvel','Palace/Castle','Man-made','Zimbabwe'),(401,'Swayambhunath','Intoxicating Electic Temple','Religion','Man-made','Nepal'),(402,'Tuoal Sleng & the Killing Fields','A Walk on Humanity\'s Dark Side','Historical Site','Man-made','Cambodia'),(403,'Standing Stones of Callanis','Silent Stone Sentinels','Religion','Man-made','UK'),(404,'Avebury Stone Circle','Hub of Impenetrable Ancient Slabs','Historical Site','Man-made','UK'),(405,'Caracol','Belize\'s Hidden Mysterious Metropolis','Historical Site','Man-made','Belize'),(406,'Malbork Castle','Knight at the Museum','Palace/Castle','Man-made','Poland'),(407,'Temple of the Tooth','Sri Lanka\'s Gnasher Treasure','Religion','Man-made','Sri Lanka'),(408,'La Boca District','Mouth of the South','District/Square','Man-made','Argentina'),(409,'Heydar Aliyev Cultural Centre','Azerbaijin\'s Architectural Icon','Modern Attractions','Man-made','Azerbaijan'),(410,'Kashgar\'s Grand Bazaar','Seductive Spice Temple','District/Square','Man-made','China'),(411,'Bardo National Museum','North Africa\'s Majestic Mosiacs','Museum','Man-made','Tunisia'),(412,'Salzwelten','Iron-age Salt Underworld','Historical Site','Man-made','Austria'),(413,'Khao Sok National Park','Where Tigers still Roam','Wildlife','Natural','Thailand'),(414,'Mansudae Grand Monument','Epicentre of the Kim Cult','Historical Site','Man-made','North Korea'),(415,'Etosha National Park','Big Game? A Stroll in the Park','Wildlife','Natural','Namibia'),(416,'Port Arthur','Beautifully Preserved Penitentiary','Historical Site','Man-made','Australia'),(417,'Jungfraujoch','Out-of-this-World Alps Train Ride','Adventure/Activity','Man-made','Switzerland'),(418,'Phu Quoc Island','Desert-island Dream','Water Feature','Natural','Vietnam'),(419,'Melk Abbey','Monastic Golden Art','Religion','Man-made','Austria'),(420,'Nazca Lines','A Beautiful Mystery','Historical Site','Man-made','Peru'),(421,'Cementerio de le Recoleta','Celebrity Cemetry','Religion','Man-made','Argentina'),(422,'Altun Ha','The Place Behind the Beer','Historical Site','Man-made','Belize'),(423,'Khongoryn Els','Specutacular Dune Country','Nature Landscape','Natural','Mongolia'),(424,'Titanic Belfast','One Hull of a Museum','Museum','Man-made','UK'),(425,'Zwinger','Baroque Chamber','Palace/Castle','Man-made','Germany'),(426,'Skeleton Coast','Off-the-Chart Nature','Water Feature','Natural','Namibia'),(427,'Iona','Scotland\'s Spiritual Heart','Water Feature','Natural','UK'),(428,'Stirling Castle','Castle to Rival Edinburgh','Palace/Castle','Man-made','UK'),(429,'Zocalo','Mexico City\'s Beating Heart','Historical Site','Man-made','Mexico'),(430,'Nyungwe Forest National Park','Chimps in the Deep Forest','Nature Landscape','Natural','Rwanda'),(431,'St Fagans National History Museum','History Brought to Life','Museum','Man-made','UK'),(432,'Eisriesenwelt','Ice Kingdom under the Mountain','Geological Feature','Natural','Austria'),(433,'Pafos Archaeological Site','Ancient Greek City','Historical Site','Man-made','Cyprus'),(434,'Lavena Costal Walk','Amble in Paradise','Nature Landscape','Natural','Fiji'),(435,'Brandenburg Gate','Immortal Portal','Historical Site','Man-made','Germany'),(436,'Amboseli National Park','Elephants below Kilimanjaro','Wildlife','Natural','Kenya'),(437,'Ifugao (Banaue) Rice Terraces','Vibrant Organic Art','Nature Landscape','Man-made','Philippines'),(438,'Carpathian National Park','Carpathian Adventure Land','Nature Landscape','Natural','Ukraine'),(439,'Segovia\'s Acueducto','Surreal Symbol of Roman Ingenuity','Historical Site','Man-made','Spain'),(440,'Ipanema Beach','The World\'s Sexiest Beach','Water Feature','Natural','Brazil'),(441,'Matmata','Sci-fi Style Sleeping','Modern Attractions','Man-made','Tunisia'),(442,'Everglades National Park','Florida\'s Sublime Swampland','Water Feature','Natural','US'),(443,'Sea of Galilee','Beaches & Bible Stories','Water Feature','Natural','Israel'),(444,'Ostrog Monastery','Montenegro\'s Miracle Monastery','Religion','Man-made','Montenegro'),(445,'Kinderdijk Windmills','Peace Quiet & Whooshing Windmills','Modern Attractions','Man-made','Netherlands'),(446,'Church of Sveti Jovan Bigorski','The World of an Icon','Religion','Man-made','Macedonia'),(447,'Hal Saflieni Hypogeum','Malta\'s Most Mysterious Mausoleum','Historical Site','Man-made','Malta'),(448,'Taipei 101','Tower Above Taipei','Modern Attractions','Man-made','Taiwan'),(449,'Si Phan Don','Go with the Flow in Laos','Water Feature','Man-made','Laos'),(450,'Church on the Spilled Blood','Church or Ice-cream Sundae','Religion','Man-made','Russia'),(451,'Archipielago de San Blas','Panama\'s Secret Islands','Nature Landscape','Natural','Panama'),(452,'Kyevo-Perherska Lavra','Mystery Mummies & Magic','Religion','Man-made','Ukraine'),(453,'Horton Plains & World\'s End','Where the World (well Sri Lanka) Ends','Geological Feature','Natural','Sri Lanka'),(454,'Mt Roraima','Enter the Lost World','Geological Feature','Natural','Venezuela'),(455,'Nizwa Fort','Oman\'s Most Formidable Fort','Palace/Castle','Man-made','Oman'),(456,'Bucovina Monastries','Wall-painting Wow!','Religion','Man-made','Romania'),(457,'L\'Anse aux Meadows','So the Vikings did discover America?','Historical Site','Natural','Canada'),(458,'Black Forest','Germany\'s Fairy-tale Forest','Nature Landscape','Natural','Germany'),(459,'Mt Fuji','Japan\'s Must-see Mountain','Geological Feature','Natural','Japan'),(460,'The Mighty Volcano (Piton de la Fournaise)','Mordor in the Indian Ocean','Geological Feature','Natural','Reunion'),(461,'Mt Kenya','Hit Glacial Equatorial Highs','Geological Feature','Natural','Kenya'),(462,'Kalon Minaret','Mighty mosque Mighty Minaret','Religion','Man-made','Uzbekistan'),(463,'Trakai Castle','Live Life a Knight in Lithuania','Palace/Castle','Man-made','Lithuania'),(464,'El-Jem','Africa\'s Great Amphitheatre','Historical Site','Man-made','Tunisia'),(465,'Schilthorn','Views to Make Your Head Spin','Geological Feature','Natural','Switzerland'),(466,'Griffith Observatory','LA\'s Real Map of the Stars','Modern Attractions','Man-made','US'),(467,'Tower of London','England\'s Crowning Jewel','Historical Site','Man-made','UK'),(468,'Trinity College','University Greens','Modern Attractions','Man-made','Ireland'),(469,'Capital Castles','Small Nation Big Castle Collection','Palace/Castle','Man-made','Luxembourg'),(470,'Camp Nou','Football\'s Catalan Home','Adventure/Activity','Man-made','Spain'),(471,'Panama Canal','Short Cut from the Atlantic to the Pacific','Modern Attractions','Man-made','Panama'),(472,'Bay Islands','The Real Pirate Bay','Water Feature','Natural','Honduras'),(473,'Monet\'s Garden','Monet\'s Cornucopoa of Colour','Nature Landscape','Man-made','France'),(474,'Grouse Mountain','View Vancouver like Eagles Do','Geological Feature','Natural','Canada'),(475,'Graceland','Visit the King\'s Own Castle','Historical Site','Man-made','US'),(476,'To Sua Ocean Trench','Beautiful Blue Hole','Water Feature','Natural','Samoa'),(477,'Plaza Mayor','Chilled Colonial Charm','District/Square','Man-made','Cuba'),(478,'Flander Fields','In Flander Fields the Poppies Blow','Historical Site','Man-made','Belgium'),(479,'Pol-e Khaju','The Shah\'s Bridge','Historical Site','Man-made','Iran'),(480,'Sanduny Baths','Moscow\'s Beautiful Banya','Adventure/Activity','Man-made','Russia'),(481,'Canon del Colca','Truly Grand Canyon','Geological Feature','Natural','Peru'),(482,'Spis Castle','Spooky Slovakian & Spectacular','Palace/Castle','Man-made','Slovakia'),(483,'Aletsch Galcier','The Definitive River of Ice','Water Feature','Natural','Switzerland'),(484,'Mt Ararat','A Suitable Resting Place for an Ark','Geological Feature','Natural','Turkey'),(485,'Stingray City','What a Way to Catch Some Rays','Wildlife','Natural','Cayman Islands'),(486,'Foteviken Viking Reserve','Norse No Nonsense','Historical Site','Man-made','Sweden'),(487,'Wawel Castle','Poland\'s Pride','Palace/Castle','Man-made','Poland'),(488,'Rock-Hewn Church of Tigray','Heavenly Hewn Adventure','Religion','Man-made','Ethiopia'),(489,'Isla Mujeres','Cancun\'s Blissful Backyard','Water Feature','Natural','Mexico'),(490,'Fingal\'s Caves','Rocks Giants & Geometry','Geological Feature','Natural','UK'),(491,'Leaning Tower of Pisa','Tipping Point','Historical Site','Man-made','Italy'),(492,'Orheiul Vechi','Captivating Caverns','Geological Feature','Natural','Moldova'),(493,'Musee Oceanographique de Monaco','Amazing Antique Aquarium','Museum','Man-made','Monaco'),(494,'Oslo Opera House','Ice-cool Design Icon','Modern Attractions','Man-made','Norway'),(495,'Kolmanskop','The Diamond Mining Town Abandoned to the Desert','Modern Attractions','Man-made','Namibia'),(496,'Mutrah Souq','Magical Muslim Marketplace','District/Square','Man-made','Oman'),(497,'Rock of Cashel','Rock of Ages','Palace/Castle','Man-made','Ireland'),(498,'Erdene Zuu Khiid','Mongolian Magic','Religion','Man-made','Mongolia'),(499,'Grand Palace','High Wattage Palace','Palace/Castle','Man-made','Thailand'),(500,'Independence National Historic Park','Where the US began','Historical Site','Man-made','US');
/*!40000 ALTER TABLE `attraction` ENABLE KEYS */;
UNLOCK TABLES;

--
-- Table structure for table `continent`
--

DROP TABLE IF EXISTS `continent`;
/*!40101 SET @saved_cs_client     = @@character_set_client */;
/*!40101 SET character_set_client = utf8 */;
CREATE TABLE `continent` (
  `continent_name` varchar(30) NOT NULL,
  `climate` varchar(20) NOT NULL,
  PRIMARY KEY (`continent_name`)
) ENGINE=InnoDB DEFAULT CHARSET=latin1;
/*!40101 SET character_set_client = @saved_cs_client */;

--
-- Dumping data for table `continent`
--

LOCK TABLES `continent` WRITE;
/*!40000 ALTER TABLE `continent` DISABLE KEYS */;
INSERT INTO `continent` VALUES ('Africa','tropical'),('Antarctica','cold'),('Asia','temperate'),('Australia','tropical'),('Europe','temperate'),('North America','temperate'),('South America','tropical');
/*!40000 ALTER TABLE `continent` ENABLE KEYS */;
UNLOCK TABLES;

--
-- Table structure for table `country`
--

DROP TABLE IF EXISTS `country`;
/*!40101 SET @saved_cs_client     = @@character_set_client */;
/*!40101 SET character_set_client = utf8 */;
CREATE TABLE `country` (
  `cname` varchar(100) NOT NULL,
  `currencyName` varchar(80) DEFAULT NULL,
  `capital` varchar(60) DEFAULT NULL,
  `c_continent` varchar(30) DEFAULT NULL,
  `official_lang` varchar(100) DEFAULT NULL,
  PRIMARY KEY (`cname`),
  KEY `region_fk` (`c_continent`),
  CONSTRAINT `region_fk` FOREIGN KEY (`c_continent`) REFERENCES `continent` (`continent_name`) ON DELETE CASCADE ON UPDATE CASCADE
) ENGINE=InnoDB DEFAULT CHARSET=latin1;
/*!40101 SET character_set_client = @saved_cs_client */;

--
-- Dumping data for table `country`
--

LOCK TABLES `country` WRITE;
/*!40000 ALTER TABLE `country` DISABLE KEYS */;
INSERT INTO `country` VALUES ('Afghanistan','Afghani','Kabul','Asia','fa-Africa/ps/uz-Africa/tk'),('Aland Islands','Euro','Mariehamn','Europe','sv-AX'),('Albania','Lek','Tirana','Europe','sq/el'),('Algeria','Algerian Dinar','Algiers','Africa','ar-DZ'),('American Samoa','US Dollar','Pago Pago','Australia','en-Asia/sm/to'),('Andorra','Euro','Andorra la Vella','Europe','ca'),('Angola','Kwanza','Luanda','Africa','pt-AO'),('Anguilla','East Caribbean Dollar','The Valley','North America','en-AI'),('Antarctica','n/a','n/a','Antarctica','n/a'),('Antigua & Barbuda','East Caribbean Dollar','St. John\'s','North America','en-AG'),('Argentina','Argentine Peso','Buenos Aires','South America','es-AR/en/it/de/fr/gn'),('Armenia','Armenian Dram','Yerevan','Asia','hy'),('Aruba','Aruban Florin','Oranjestad','North America','nl-AW/es/en'),('Australia','Australian Dollar','Canberra','Australia','en-AU'),('Austria','Euro','Vienna','Europe','de-AT/hr/hu/sl'),('Azerbaijan','Azerbaijanian Manat','Baku','Asia','az/ru/hy'),('Bahamas','Bahamian Dollar','Nassau','North America','en-BS'),('Bahrain','Bahraini Dinar','Manama','Asia','ar-BH/en/fa/ur'),('Bangladesh','Taka','Dhaka','Asia','bn-BD/en'),('Barbados','Barbados Dollar','Bridgetown','North America','en-BB'),('Belarus','Belarussian Ruble','Minsk','Europe','be/ru'),('Belgium','Euro','Brussels','Europe','nl-BE/fr-BE/de-BE'),('Belize','Belize Dollar','Belmopan','North America','en-BZ/es'),('Benin','CFA Franc BCEAO','Porto-Novo','Africa','fr-BJ'),('Bermuda','Bermudian Dollar','Hamilton','North America','en-BM/pt'),('Bhutan','Indian Rupee','Thimphu','Asia','dz'),('Bolivia','Boliviano','Sucre','South America','es-BO/qu/ay'),('Bosnia','Convertible Mark','Sarajevo','Europe','bs/hr-BA/sr-BA'),('Botswana','Pula','Gaborone','Africa','en-BW/tn-BW'),('Bouvet Island','n/a','n/a','Antarctica','n/a'),('Brazil','Brazilian Real','Brasilia','South America','pt-BR/es/en/fr'),('British Indian Ocean Territory','n/a','Diego Garcia','Asia','en-IO'),('British Virgin Islands','US Dollar','Road Town','North America','en-VG'),('Brunei','Brunei Dollar','Bandar Seri Begawan','Asia','ms-BN/en-BN'),('Bulgaria','Bulgarian Lev','Sofia','Europe','bg/tr-BG/rom'),('Burkina Faso','CFA Franc BCEAO','Ouagadougou','Africa','fr-BF'),('Burundi','Burundi Franc','Bujumbura','Africa','fr-BI/rn'),('Cambodia','Riel','Phnom Penh','Asia','km/fr/en'),('Cameroon','CFA Franc BEAC','Yaounde','Africa','en-CM/fr-CM'),('Canada','Canadian Dollar','Ottawa','North America','en-CA/fr-CA/iu'),('Cape Verde','Cabo Verde Escudo','Praia','Africa','pt-CV'),('Caribbean Netherlands','US Dollar','n/a','North America','nl/pap/en'),('Cayman Islands','Cayman Islands Dollar','George Town','North America','en-KY'),('Central African Republic','CFA Franc BEAC','Bangui','Africa','fr-CF/sg/ln/kg'),('Chad','CFA Franc BEAC','N\'Djamena','Africa','fr-TD/ar-TD/sre'),('Chile','Chilean Peso','Santiago','South America','es-CL'),('China','Yuan Renminbi','Beijing','Asia','zh-CN/yue/wuu/dta/ug/za'),('Christmas Island','n/a','Flying Fish Cove','Asia','en/zh/ms-CC'),('Cocos (Keeling) Islands','n/a','West Island','Asia','ms-CC/en'),('Colombia','Colombian Peso','Bogota','South America','es-CO'),('Comoros','Comoro Franc','Moroni','Africa','ar/fr-KM'),('Congo - Brazzaville','CFA Franc BEAC','Brazzaville','Africa','fr-CG/kg/ln-CG'),('Congo - Kinshasa','n/a','Kinshasa','Africa','fr-CD/ln/kg'),('Cook Islands','New Zealand Dollar','Avarua','Australia','en-CK/mi'),('Costa Rica','Costa Rican Colon','San Jose','North America','es-CR/en'),('Croatia','Croatian Kuna','Zagreb','Europe','hr-HR/sr'),('Cuba','Cuban Peso','Havana','North America','es-CU'),('Curacao','Netherlands Antillean Guilder','Willemstad','North America','nl/pap'),('Cyprus','Euro','Nicosia','Europe','el-CY/tr-CY/en'),('Czech Republic','n/a','Prague','Europe','cs/sk'),('Denmark','Danish Krone','Copenhagen','Europe','da-DK/en/fo/de-DK'),('Djibouti','Djibouti Franc','Djibouti','Africa','fr-DJ/ar/so-DJ/aa'),('Dominica','East Caribbean Dollar','Roseau','North America','en-DM'),('Dominican Republic','Dominican Peso','Santo Domingo','North America','es-DO'),('Ecuador','US Dollar','Quito','South America','es-EC'),('Egypt','Egyptian Pound','Cairo','Africa','ar-EG/en/fr'),('El Salvador','US Dollar','San Salvador','North America','es-SV'),('Equatorial Guinea','CFA Franc BEAC','Malabo','Africa','es-GQ/fr'),('Eritrea','Nakfa','Asmara','Africa','aa-ER/ar/tig/kun/ti-ER'),('Estonia','Euro','Tallinn','Europe','et/ru'),('Ethiopia','Ethiopian Birr','Addis Ababa','Africa','am/en-ET/om-ET/ti-ET/so-ET/sid'),('Falkland Islands','Falkland Islands Pound','Stanley','South America','en-FK'),('Faroe Islands','n/a','Torshavn','Europe','fo/da-FO'),('Fiji','Fiji Dollar','Suva','Australia','en-FJ/fj'),('Finland','Euro','Helsinki','Europe','fi-FI/sv-FI/smn'),('France','Euro','Paris','Europe','fr-FR/frp/br/co/ca/eu/oc'),('French Guiana','Euro','Cayenne','South America','fr-GF'),('French Polynesia','CFP Franc','Papeete','Australia','fr-PF/ty'),('French Southern Territories','n/a','Port-aux-Francais','Antarctica','fr'),('Gabon','CFA Franc BEAC','Libreville','Africa','fr-GA'),('Gambia','Dalasi','Banjul','Africa','en-GM/mnk/wof/wo/ff'),('Georgia','Lari','Tbilisi','Asia','ka/ru/hy/az'),('Germany','Euro','Berlin','Europe','de'),('Ghana','Ghana Cedi','Accra','Africa','en-GH/ak/ee/tw'),('Gibraltar','Gibraltar Pound','Gibraltar','Europe','en-GI/es/it/pt'),('Greece','Euro','Athens','Europe','el-GR/en/fr'),('Greenland','Danish Krone','Nuuk','North America','kl/da-GL/en'),('Grenada','East Caribbean Dollar','St. George\'s','North America','en-GD'),('Guadeloupe','Euro','Basse-Terre','North America','fr-GP'),('Guam','US Dollar','Hagatna','Australia','en-GU/ch-GU'),('Guatemala','Quetzal','Guatemala City','North America','es-GT'),('Guernsey','Pound Sterling','St Peter Port','Europe','en/fr'),('Guinea','Guinea Franc','Conakry','Africa','fr-GN'),('Guinea-Bissau','CFA Franc BCEAO','Bissau','Africa','pt-GW/pov'),('Guyana','Guyana Dollar','Georgetown','South America','en-GY'),('Haiti','US Dollar','Port-au-Prince','North America','ht/fr-HT'),('Heard & McDonald Islands','n/a','n/a','Antarctica','n/a'),('Honduras','Lempira','Tegucigalpa','North America','es-HN'),('Hong Kong','n/a','Hong Kong','Asia','zh-HK/yue/zh/en'),('Hungary','Forint','Budapest','Europe','hu-HU'),('Iceland','Iceland Krona','Reykjavik','Europe','is/en/de/da/sv/no'),('India','Indian Rupee','New Delhi','Asia','en-IN/hi/bn/te/mr/ta/ur/gu/kn/ml/or/pa/as/bh/sat/ks/ne/sd/kok/doi/mni/sit/sa/fr/lus/inc'),('Indonesia','Rupiah','Jakarta','Asia','id/en/nl/jv'),('Iran','Iranian Rial','Tehran','Asia','fa-IR/ku'),('Iraq','Iraqi Dinar','Baghdad','Asia','ar-IQ/ku/hy'),('Ireland','Euro','Dublin','Europe','en-IE/ga-IE'),('Isle of Man','Pound Sterling','Douglas','Europe','en/gv'),('Israel','New Israeli Sheqel','Jerusalem','Asia','he/ar-IL/en-IL/'),('Italy','Euro','Rome','Europe','it-IT/de-IT/fr-IT/sc/ca/co/sl'),('Ivory Coast','CFA Franc BCEAO','Yamoussoukro','Africa','fr-CI'),('Jamaica','Jamaican Dollar','Kingston','North America','en-JM'),('Japan','Yen','Tokyo','Asia','ja'),('Jersey','Pound Sterling','Saint Helier','Europe','en/pt'),('Jordan','Jordanian Dinar','Amman','Asia','ar-JO/en'),('Kazakhstan','Tenge','Astana','Asia','kk/ru'),('Kenya','Kenyan Shilling','Nairobi','Africa','en-KE/sw-KE'),('Kiribati','Australian Dollar','Tarawa','Australia','en-KI/gil'),('Kuwait','Kuwaiti Dinar','Kuwait City','Asia','ar-KW/en'),('Kyrgyzstan','Som','Bishkek','Asia','ky/uz/ru'),('Laos','Kip','Vientiane','Asia','lo/fr/en'),('Latvia','Euro','Riga','Europe','lv/ru/lt'),('Lebanon','Lebanese Pound','Beirut','Asia','ar-LB/fr-LB/en/hy'),('Lesotho','Rand','Maseru','Africa','en-LS/st/zu/xh'),('Liberia','Liberian Dollar','Monrovia','Africa','en-LR'),('Libya','Libyan Dinar','Tripoli','Africa','ar-LY/it/en'),('Liechtenstein','Swiss Franc','Vaduz','Europe','de-LI'),('Lithuania','Euro','Vilnius','Europe','lt/ru/pl'),('Luxembourg','Euro','Luxembourg','Europe','lb/de-LU/fr-LU'),('Macau','Pataca','Macao','Asia','zh/zh-MO/pt'),('Macedonia','Denar','Skopje','Europe','mk/sq/tr/rmm/sr'),('Madagascar','Malagasy Ariary','Antananarivo','Africa','fr-MG/mg'),('Malawi','Kwacha','Lilongwe','Africa','ny/yao/tum/swk'),('Malaysia','Malaysian Ringgit','Kuala Lumpur','Asia','ms-MY/en/zh/ta/te/ml/pa/th'),('Maldives','Rufiyaa','Male','Asia','dv/en'),('Mali','CFA Franc BCEAO','Bamako','Africa','fr-ML/bm'),('Malta','Euro','Valletta','Europe','mt/en-MT'),('Marshall Islands','US Dollar','Majuro','Australia','mh/en-MH'),('Martinique','Euro','Fort-de-France','North America','fr-MQ'),('Mauritania','Ouguiya','Nouakchott','Africa','ar-MR/fuc/snk/fr/mey/wo'),('Mauritius','Mauritius Rupee','Port Louis','Africa','en-MU/bho/fr'),('Mayotte','Euro','Mamoudzou','Africa','fr-YT'),('Mexico','Mexican Peso','Mexico City','North America','es-MX'),('Micronesia','US Dollar','Palikir','Australia','en-FM/chk/pon/yap/kos/uli/woe/nkr/kpg'),('Moldova','Moldovan Leu','Chisinau','Europe','ro/ru/gag/tr'),('Monaco','Euro','Monaco','Europe','fr-MC/en/it'),('Mongolia','Tugrik','Ulan Bator','Asia','mn/ru'),('Montenegro','Euro','Podgorica','Europe','sr/hu/bs/sq/hr/rom'),('Montserrat','East Caribbean Dollar','Plymouth','North America','en-MS'),('Morocco','Moroccan Dirham','Rabat','Africa','ar-MA/ber/fr'),('Mozambique','Mozambique Metical','Maputo','Africa','pt-MZ/vmw'),('Myanmar','Kyat','Nay Pyi Taw','Asia','my'),('Namibia','Rand','Windhoek','Africa','en-North America/af/de/hz/naq'),('Nauru','Australian Dollar','Yaren','Australia','na/en-NR'),('Nepal','Nepalese Rupee','Kathmandu','Asia','ne/en'),('Netherlands','Euro','Amsterdam','Europe','nl-NL/fy-NL'),('New Caledonia','CFP Franc','Noumea','Australia','fr-NC'),('New Zealand','New Zealand Dollar','Wellington','Australia','en-NZ/mi'),('Nicaragua','Cordoba Oro','Managua','North America','es-NI/en'),('Niger','CFA Franc BCEAO','Niamey','Africa','fr-NE/ha/kr/dje'),('Nigeria','Naira','Abuja','Africa','en-NG/ha/yo/ig/ff'),('Niue','New Zealand Dollar','Alofi','Australia','niu/en-NU'),('Norfolk Island','Australian Dollar','Kingston','Australia','en-NF'),('North Korea','North Korean Won','Pyongyang','Asia','ko-KP'),('Northern Mariana Islands','US Dollar','Saipan','Australia','fil/tl/zh/ch-MP/en-MP'),('Norway','Norwegian Krone','Oslo','Europe','no/nb/nn/se/fi'),('Oman','Rial Omani','Muscat','Asia','ar-OM/en/bal/ur'),('Pakistan','Pakistan Rupee','Islamabad','Asia','ur-PK/en-PK/pa/sd/ps/brh'),('Palau','US Dollar','Melekeok','Australia','pau/sov/en-PW/tox/ja/fil/zh'),('Palestine','No universal currency','East Jerusalem','Asia','ar-PS'),('Panama','US Dollar','Panama City','North America','es-PA/en'),('Papua New Guinea','Kina','Port Moresby','Australia','en-PG/ho/meu/tpi'),('Paraguay','Guarani','Asuncion','South America','es-PY/gn'),('Peru','Nuevo Sol','Lima','South America','es-PE/qu/ay'),('Philippines','Philippine Peso','Manila','Asia','tl/en-PH/fil'),('Pitcairn Islands','New Zealand Dollar','Adamstown','Australia','en-PN'),('Poland','Zloty','Warsaw','Europe','pl'),('Portugal','Euro','Lisbon','Europe','pt-PT/mwl'),('Puerto Rico','US Dollar','San Juan','North America','en-PR/es-PR'),('Qatar','Qatari Rial','Doha','Asia','ar-QA/es'),('Reunion','Euro','Saint-Denis','Africa','fr-RE'),('Romania','New Romanian Leu','Bucharest','Europe','ro/hu/rom'),('Russia','Russian Ruble','Moscow','Europe','ru/tt/xal/cau/ady/kv/ce/tyv/cv/udm/tut/mns/bua/myv/mdf/chm/ba/inh/tut/kbd/krc/ava/sah/nog'),('Rwanda','Rwanda Franc','Kigali','Africa','rw/en-RW/fr-RW/sw'),('Samoa','Tala','Apia','Australia','sm/en-WS'),('San Marino','Euro','San Marino','Europe','it-SM'),('Sao Tome & Principe','Dobra','Sao Tome','Africa','pt-ST'),('Saudi Arabia','Saudi Riyal','Riyadh','Asia','ar-South America'),('Senegal','CFA Franc BCEAO','Dakar','Africa','fr-SN/wo/fuc/mnk'),('Serbia','Serbian Dinar','Belgrade','Europe','sr/hu/bs/rom'),('Seychelles','Seychelles Rupee','Victoria','Africa','en-SC/fr-SC'),('Sierra Leone','Leone','Freetown','Africa','en-SL/men/tem'),('Singapore','Singapore Dollar','Singapore','Asia','cmn/en-SG/ms-SG/ta-SG/zh-SG'),('Sint Maarten','Netherlands Antillean Guilder','Philipsburg','North America','nl/en'),('Slovakia','Euro','Bratislava','Europe','sk/hu'),('Slovenia','Euro','Ljubljana','Europe','sl/sh'),('Solomon Islands','Solomon Islands Dollar','Honiara','Australia','en-SB/tpi'),('Somalia','Somali Shilling','Mogadishu','Africa','so-SO/ar-SO/it/en-SO'),('South Africa','Rand','Pretoria','Africa','zu/xh/af/nso/en-ZA/tn/st/ts/ss/ve/nr'),('South Georgia & South Sandwich Islands','n/a','Grytviken','Antarctica','en'),('South Korea','Won','Seoul','Asia','ko-KR/en'),('South Sudan','South Sudanese Pound','Juba','Africa','en'),('Spain','Euro','Madrid','Europe','es-ES/ca/gl/eu/oc'),('Sri Lanka','Sri Lanka Rupee','Colombo','Asia','si/ta/en'),('St. Barthlemy','Euro','Gustavia','North America','fr'),('St. Helena','Saint Helena Pound','Jamestown','Africa','en-SH'),('St. Kitts & Nevis','East Caribbean Dollar','Basseterre','North America','en-KN'),('St. Lucia','East Caribbean Dollar','Castries','North America','en-LC'),('St. Martin','Euro','Marigot','North America','fr'),('St. Pierre & Miquelon','Euro','Saint-Pierre','North America','fr-PM'),('St. Vincent & Grenadines','East Caribbean Dollar','Kingstown','North America','en-VC/fr'),('Sudan','Sudanese Pound','Khartoum','Africa','ar-SD/en/fia'),('Suriname','Surinam Dollar','Paramaribo','South America','nl-SR/en/srn/hns/jv'),('Svalbard & Jan Mayen','Norwegian Krone','Longyearbyen','Europe','no/ru'),('Swaziland','Lilangeni','Mbabane','Africa','en-SZ/ss-SZ'),('Sweden','Swedish Krona','Stockholm','Europe','sv-SE/se/sma/fi-SE'),('Switzerland','Swiss Franc','Bern','Europe','de-CH/fr-CH/it-CH/rm'),('Syria','Syrian Pound','Damascus','Asia','ar-SY/ku/hy/arc/fr/en'),('Taiwan','n/a','Taipei','Asia','zh-TW/zh/nan/hak'),('Tajikistan','Somoni','Dushanbe','Asia','tg/ru'),('Tanzania','Tanzanian Shilling','Dodoma','Africa','sw-TZ/en/ar'),('Thailand','Baht','Bangkok','Asia','th/en'),('Timor-Leste','US Dollar','Dili','Australia','tet/pt-TL/id/en'),('Togo','CFA Franc BCEAO','Lome','Africa','fr-TG/ee/hna/kbp/dag/ha'),('Tokelau','New Zealand Dollar','','Australia','tkl/en-TK'),('Tonga','Paanga','Nuku\'alofa','Australia','to/en-TO'),('Trinidad & Tobago','Trinidad and Tobago Dollar','Port of Spain','North America','en-TT/hns/fr/es/zh'),('Tunisia','Tunisian Dinar','Tunis','Africa','ar-TN/fr'),('Turkey','Turkish Lira','Ankara','Asia','tr-TR/ku/diq/az/av'),('Turkmenistan','Turkmenistan New Manat','Ashgabat','Asia','tk/ru/uz'),('Turks & Caicos Islands','US Dollar','Cockburn Town','North America','en-TC'),('Tuvalu','Australian Dollar','Funafuti','Australia','tvl/en/sm/gil'),('U.S. Outlying Islands','n/a','','Australia','en-UM'),('U.S. Virgin Islands','US Dollar','Charlotte Amalie','North America','en-VI'),('Uganda','Uganda Shilling','Kampala','Africa','en-UG/lg/sw/ar'),('UK','Pound Sterling','London','Europe','en-GB/cy-GB/gd'),('Ukraine','Hryvnia','Kiev','Europe','uk/ru-UA/rom/pl/hu'),('United Arab Emirates','UAE Dirham','Abu Dhabi','Asia','ar-AE/fa/en/hi/ur'),('Uruguay','Peso Uruguayo','Montevideo','South America','es-UY'),('US','US Dollar','Washington','North America','en-US/es-US/haw/fr'),('Uzbekistan','Uzbekistan Sum','Tashkent','Asia','uz/ru/tg'),('Vanuatu','Vatu','Port Vila','Australia','bi/en-VU/fr-VU'),('Vatican City','Euro','Vatican City','Europe','la/it/fr'),('Venezuela','Bolivar','Caracas','South America','es-VE'),('Vietnam','Dong','Hanoi','Asia','vi/en/fr/zh/km'),('Wallis & Futuna','CFP Franc','Mata Utu','Australia','wls/fud/fr-WF'),('Western Sahara','Moroccan Dirham','El-Aaiun','Africa','ar/mey'),('Yemen','Yemeni Rial','Sanaa','Asia','ar-YE'),('Zambia','Zambian Kwacha','Lusaka','Africa','en-ZM/bem/loz/lun/lue/ny/toi'),('Zimbabwe','Zimbabwe Dollar','Harare','Africa','en-ZW/sn/nr/nd');
/*!40000 ALTER TABLE `country` ENABLE KEYS */;
UNLOCK TABLES;

--
-- Table structure for table `review`
--

DROP TABLE IF EXISTS `review`;
/*!40101 SET @saved_cs_client     = @@character_set_client */;
/*!40101 SET character_set_client = utf8 */;
CREATE TABLE `review` (
  `review_id` int(11) NOT NULL AUTO_INCREMENT,
  `rdate` date DEFAULT NULL,
  `overall_rating` int(11) DEFAULT NULL,
  `family_rating` int(11) DEFAULT NULL,
  `adventure_rating` int(11) DEFAULT NULL,
  `subject` int(11) DEFAULT NULL,
  `author` int(11) DEFAULT NULL,
  PRIMARY KEY (`review_id`),
  KEY `author_fk` (`author`),
  KEY `review_fk` (`subject`),
  CONSTRAINT `author_fk` FOREIGN KEY (`author`) REFERENCES `visitor` (`visitor_id`) ON DELETE CASCADE ON UPDATE CASCADE,
  CONSTRAINT `review_fk` FOREIGN KEY (`subject`) REFERENCES `attraction` (`attract_id`) ON DELETE CASCADE ON UPDATE CASCADE
) ENGINE=InnoDB DEFAULT CHARSET=latin1;
/*!40101 SET character_set_client = @saved_cs_client */;

--
-- Dumping data for table `review`
--

LOCK TABLES `review` WRITE;
/*!40000 ALTER TABLE `review` DISABLE KEYS */;
/*!40000 ALTER TABLE `review` ENABLE KEYS */;
UNLOCK TABLES;

--
-- Table structure for table `visitor`
--

DROP TABLE IF EXISTS `visitor`;
/*!40101 SET @saved_cs_client     = @@character_set_client */;
/*!40101 SET character_set_client = utf8 */;
CREATE TABLE `visitor` (
  `visitor_id` int(11) NOT NULL AUTO_INCREMENT,
  `first_name` varchar(20) DEFAULT NULL,
  `last_initial` char(1) DEFAULT NULL,
  `age` int(11) DEFAULT NULL,
  `home_country` varchar(30) DEFAULT NULL,
  PRIMARY KEY (`visitor_id`),
  KEY `country_fk` (`home_country`),
  CONSTRAINT `country_fk` FOREIGN KEY (`home_country`) REFERENCES `country` (`cname`) ON DELETE CASCADE ON UPDATE CASCADE
) ENGINE=InnoDB AUTO_INCREMENT=47 DEFAULT CHARSET=latin1;
/*!40101 SET character_set_client = @saved_cs_client */;

--
-- Dumping data for table `visitor`
--

LOCK TABLES `visitor` WRITE;
/*!40000 ALTER TABLE `visitor` DISABLE KEYS */;
INSERT INTO `visitor` VALUES (1,'Myrtle','J',12,'Uganda'),(2,'Beverly','J',50,'UK'),(3,'Raquel','L',19,'US'),(4,'Adriell','L',18,'US'),(5,'Roman','Z',66,'St. Lucia'),(6,'Darryl','F',44,'UK'),(7,'Enoch','H',46,'China'),(8,'Chimamanda','W',76,'Nigeria'),(9,'Penelope','B',19,'Spain'),(10,'Isabel','Q',33,'Mexico'),(11,'Maria','R',34,'Portugal'),(12,'Chuck','R',37,'US'),(13,'Muhammed','P',38,'Saudi Arabia'),(14,'Hugh','P',60,'Syria'),(15,'Muhammed','P',50,'Indonesia'),(16,'Tian','H',40,'China'),(17,'Kai','W',55,'Australia'),(18,'Jessica','L',73,'US'),(19,'Mustafa','E',25,'Sweden'),(20,'Otto','W',26,'Austria'),(21,'Tyrese','W',28,'Canada'),(22,'Jamal','C',20,'Canada'),(23,'Emmanuel','P',30,'Canada'),(24,'Alvena','U',30,'France'),(25,'Bianca','S',60,'France'),(26,'Anora','H',55,'Mongolia'),(27,'Karin','H',57,'Norway'),(28,'Elsa','E',62,'New Zealand'),(29,'Hannah','A',26,'UK'),(30,'Gustav','C',29,'France'),(31,'Chinene','T',28,'Guatemala'),(32,'Bird','P',30,'Chile'),(33,'Isabella','Y',45,'Chile'),(34,'Charles','T',54,'Cuba'),(35,'Otto','T',33,'China'),(36,'Susan','W',75,'China'),(37,'Todd','T',99,'Mongolia'),(38,'Guy','J',13,'India'),(39,'Eddy','B',43,'India'),(40,'Carla','B',10,'New Zealand'),(41,'Sydney','Z',9,'US'),(42,'Juli','P',56,'Mexico'),(43,'Anna','T',73,'Canada'),(44,'Danielle','H',83,'Haiti'),(45,'Daniel','D',30,'Jamaica'),(46,'George','D',20,'Jamaica');
/*!40000 ALTER TABLE `visitor` ENABLE KEYS */;
UNLOCK TABLES;
/*!40103 SET TIME_ZONE=@OLD_TIME_ZONE */;

/*!40101 SET SQL_MODE=@OLD_SQL_MODE */;
/*!40014 SET FOREIGN_KEY_CHECKS=@OLD_FOREIGN_KEY_CHECKS */;
/*!40014 SET UNIQUE_CHECKS=@OLD_UNIQUE_CHECKS */;
/*!40101 SET CHARACTER_SET_CLIENT=@OLD_CHARACTER_SET_CLIENT */;
/*!40101 SET CHARACTER_SET_RESULTS=@OLD_CHARACTER_SET_RESULTS */;
/*!40101 SET COLLATION_CONNECTION=@OLD_COLLATION_CONNECTION */;
/*!40111 SET SQL_NOTES=@OLD_SQL_NOTES */;

-- Dump completed on 2017-06-18 14:47:27
